,Name of asteroid,x,y,z,v_x,v_y,v_z
0,a0000132,-195369322.793 km,132495151.978 km,-48561229.7188 km,-762.322825551 km / s,-190.631052285 km / s,-1851.55792277 km / s
1,a0000391,231593541.364 km,-13640705.9693 km,50228768.6348 km,4210.29593465 km / s,965.891498793 km / s,10321.4780519 km / s
2,a0000433,-95965760.0315 km,130293632.171 km,57178550.0937 km,-269.192005813 km / s,-68.465696618 km / s,-609.340389669 km / s
3,a0000434,128440332.348 km,-234604440.226 km,-8902662.37029 km,8288.06806727 km / s,1857.98818856 km / s,20281.8558232 km / s
4,a0000475,216884963.462 km,-42374693.4488 km,-87901527.3535 km,4730.67571172 km / s,1074.71197954 km / s,11591.9950476 km / s
5,a0000512,237260212.722 km,-1910058.87343 km,-38899045.9668 km,3991.45098287 km / s,914.699051792 km / s,9791.4467234 km / s
6,a0000699,195670153.23 km,-114278825.2 km,16426454.0899 km,6114.13806233 km / s,1385.78865381 km / s,14974.3208993 km / s
7,a0000719,164023102.007 km,-61162314.3676 km,-10926810.8506 km,4877.88107088 km / s,1117.28957889 km / s,11941.1238023 km / s
8,a0000887,-33840514.8146 km,146320455.484 km,58669666.3178 km,-328.16196429 km / s,-74.9569220245 km / s,-717.797254056 km / s
9,a0000985,240061276.29 km,-46895838.245 km,-4039910.3312 km,4929.11542529 km / s,1122.33637252 km / s,12086.3788811 km / s
10,a0001009,117480070.932 km,163346408.169 km,63852182.916 km,31.020754844 km / s,29.2330796421 km / s,129.07778088 km / s
11,a0001011,-139296979.746 km,174215485.269 km,72744308.0272 km,-1375.26057994 km / s,-319.15564388 km / s,-3321.38087568 km / s
12,a0001019,-7641481.49573 km,-265568124.823 km,-4136866.90979 km,8300.78424741 km / s,1848.70547673 km / s,20304.8914632 km / s
13,a0001025,-257070857.239 km,126284923.651 km,28113129.2154 km,-929.826168686 km / s,-226.508562446 km / s,-2251.51099268 km / s
14,a0001036,169240350.528 km,-49702538.5886 km,45318948.9008 km,4666.64594296 km / s,1071.5622049 km / s,11426.2132705 km / s
15,a0001065,196663851.279 km,-132814513.135 km,-62271837.0445 km,6500.84369183 km / s,1465.93185923 km / s,15919.2957243 km / s
16,a0001103,237079077.005 km,-91775085.7854 km,45721244.9445 km,5838.40452632 km / s,1322.35945301 km / s,14313.5020844 km / s
17,a0001131,228778117.264 km,-38679954.2498 km,-30541006.6841 km,4709.46457765 km / s,1074.24868 km / s,11545.2427337 km / s
18,a0001134,193660171.885 km,-58329506.6178 km,-53456681.2864 km,4949.82599634 km / s,1124.54621422 km / s,12129.3539808 km / s
19,a0001139,106972853.115 km,178674885.405 km,53507389.8561 km,-332.714572638 km / s,-55.726870656 km / s,-762.82727503 km / s
20,a0001170,117753489.545 km,147830966.522 km,150405305.023 km,344.238475323 km / s,90.0147265792 km / s,905.672693074 km / s
21,a0001198,210623007.376 km,-61142228.089 km,-15240993.3421 km,5087.8493211 km / s,1158.73844537 km / s,12468.8610211 km / s
22,a0001204,182178834.793 km,-135426880.158 km,-65250901.7236 km,6490.50744635 km / s,1464.45829067 km / s,15887.8844839 km / s
23,a0001221,-157931958.417 km,-49836664.2679 km,-5555607.0172 km,3168.09387022 km / s,672.256985828 km / s,7743.04297306 km / s
24,a0001235,133010923.242 km,142569199.755 km,138858558.078 km,523.252254844 km / s,128.400454909 km / s,1340.77524072 km / s
25,a0001293,215774651.29 km,-98515399.1447 km,-18773203.6221 km,5882.80350536 km / s,1333.34069525 km / s,14410.395268 km / s
26,a0001310,12169064.8924 km,163846809.84 km,161492370.451 km,-470.656648036 km / s,-98.416893959 km / s,-1087.39266255 km / s
27,a0001316,207847610.861 km,84990371.8764 km,94020481.2684 km,2067.11086336 km / s,487.356192544 km / s,5089.59377946 km / s
28,a0001355,-238222409.121 km,-94938519.9124 km,-79094242.2362 km,3716.55803305 km / s,805.805573314 km / s,9102.99865244 km / s
29,a0001374,237776724.973 km,4474477.61088 km,23125222.5681 km,3858.47126994 km / s,884.89810847 km / s,9474.67008918 km / s
30,a0001453,-46661519.5221 km,-187223490.017 km,-198158651.389 km,6509.80521373 km / s,1446.79070893 km / s,15917.0003134 km / s
31,a0001468,206120742.315 km,-110770240.618 km,-30614287.5069 km,6088.40907452 km / s,1376.25944763 km / s,14915.6840886 km / s
32,a0001474,124139190.656 km,87087378.8022 km,139105710.6 km,1621.52075094 km / s,384.391918018 km / s,4038.22699657 km / s
33,a0001508,-67087713.1254 km,139456370.942 km,187037661.845 km,-331.873152688 km / s,-76.431065619 km / s,-752.527958721 km / s
34,a0001509,-249336069.437 km,-2500421.36974 km,-113133511.784 km,1769.95185664 km / s,373.00887159 km / s,4328.04863332 km / s
35,a0001565,204863167.299 km,35036664.8277 km,98650960.9238 km,3077.42465371 km / s,713.772000916 km / s,7567.19394708 km / s
36,a0001566,-16297617.9138 km,20094538.8918 km,14689127.2311 km,2314.95108161 km / s,478.78058802 km / s,5873.51540685 km / s
37,a0001580,-109817091.641 km,-130754272.51 km,-6295256.81307 km,5069.04571354 km / s,1120.67597143 km / s,12378.8425591 km / s
38,a0001593,133275892.504 km,-178292649.039 km,-81868669.3443 km,7153.23873273 km / s,1608.40997919 km / s,17496.9545872 km / s
39,a0001600,-86704511.1146 km,192175161.326 km,164319459.073 km,-1504.51666619 km / s,-342.602924138 km / s,-3638.71086961 km / s
40,a0001620,-36973107.5848 km,-94945350.1612 km,-72401611.5859 km,4669.2806173 km / s,1023.83903813 km / s,11364.5446491 km / s
41,a0001627,82186362.6767 km,-134490139.103 km,-52959689.3696 km,6021.45280604 km / s,1355.44978786 km / s,14704.5351482 km / s
42,a0001640,217879184.287 km,-34308145.1311 km,-17799630.5276 km,4565.91216066 km / s,1041.81703043 km / s,11198.6251592 km / s
43,a0001656,-60002027.888 km,239652874.875 km,-4485982.97773 km,-2356.76446395 km / s,-527.649420887 km / s,-5723.67186043 km / s
44,a0001685,81786272.3614 km,63584125.2992 km,43824164.0992 km,1906.1824006 km / s,460.247353755 km / s,4746.4194912 km / s
45,a0001727,4198829.91049 km,247162683.62 km,29929409.395 km,-2218.34730195 km / s,-491.42176035 km / s,-5381.14166033 km / s
46,a0001747,-81721356.4261 km,-183243240.861 km,-110226153.556 km,6260.74649313 km / s,1380.7293734 km / s,15313.4476102 km / s
47,a0001750,203974857.711 km,53595782.2182 km,103464393.893 km,2690.44339415 km / s,624.599199317 km / s,6623.10570155 km / s
48,a0001862,71437321.7772 km,-50922552.2921 km,-33571147.2108 km,4245.23119414 km / s,973.602965228 km / s,10358.3000423 km / s
49,a0001863,-38379056.8681 km,-94637893.5819 km,-87118827.1841 km,4659.12037488 km / s,1021.48033273 km / s,11332.8291102 km / s
50,a0001864,70207366.6975 km,-25856501.5616 km,-31038521.4176 km,3710.52743275 km / s,854.440901317 km / s,9073.76299451 km / s
51,a0001865,-88878135.299 km,6798317.97715 km,-12081378.3907 km,2316.94324403 km / s,470.220239512 km / s,5683.52451642 km / s
52,a0001866,100017973.509 km,36228056.0508 km,-70789278.9835 km,2565.17890283 km / s,601.200224333 km / s,6300.63312888 km / s
53,a0001876,-264552001.851 km,15705901.975 km,-100382017.753 km,1327.03848684 km / s,276.090154259 km / s,3240.29799311 km / s
54,a0001915,-146893118.331 km,76536212.2367 km,20035669.3313 km,599.017159283 km / s,104.876301438 km / s,1512.72171492 km / s
55,a0001916,131903374.007 km,-110209378.339 km,-66731761.4117 km,5739.3801425 km / s,1294.6001025 km / s,14039.7419388 km / s
56,a0001917,143376928.912 km,59372889.197 km,7961235.87418 km,2293.70847702 km / s,547.103221513 km / s,5654.17353274 km / s
57,a0001919,-34897587.6693 km,191354021.059 km,176261733.356 km,-1248.13364803 km / s,-276.533924401 km / s,-3007.49091902 km / s
58,a0001920,225413499.61 km,116156892.769 km,-24321823.8135 km,1501.61905062 km / s,353.064383551 km / s,3709.46151465 km / s
59,a0001943,-116869719.852 km,-98933408.4496 km,-52908705.3025 km,4373.36205561 km / s,947.953285202 km / s,10672.7572233 km / s
60,a0001951,20765617.4331 km,-193637765.146 km,944292.536507 km,6959.93860861 km / s,1551.96869537 km / s,17004.9261599 km / s
61,a0001980,144014194.442 km,-15887846.9108 km,65168431.1481 km,3846.5543938 km / s,890.781996366 km / s,9438.24051463 km / s
62,a0001981,-11570977.0964 km,-41359117.4721 km,-83038670.2162 km,3694.06116188 km / s,809.983442724 km / s,8942.08393332 km / s
63,a0002001,-217861519.425 km,-99836973.0658 km,-110743628.819 km,3924.1223475 km / s,858.620527983 km / s,9586.27917831 km / s
64,a0002035,18338945.4676 km,-204467635.012 km,-133025133.09 km,7167.3351185 km / s,1603.37614185 km / s,17523.2743724 km / s
65,a0002044,-47402133.7796 km,170505458.152 km,153869528.733 km,-882.535864852 km / s,-202.375908196 km / s,-2099.16970658 km / s
66,a0002047,252448380.161 km,-16009193.9438 km,-109569820.201 km,4352.92104226 km / s,986.03534458 km / s,10670.6710168 km / s
67,a0002048,-29367640.9661 km,-278727962.841 km,-2968679.10605 km,8468.52797592 km / s,1884.51213485 km / s,20720.6782975 km / s
68,a0002049,244671218.533 km,-91190151.6023 km,34443985.864 km,5869.37567851 km / s,1330.34594215 km / s,14375.081732 km / s
69,a0002055,-169075169.747 km,-108348835.913 km,-132858355.597 km,4327.34462854 km / s,945.808964908 km / s,10563.062878 km / s
70,a0002059,153783353.775 km,93888281.5475 km,32707754.1154 km,1625.86015183 km / s,393.40597108 km / s,4031.42368388 km / s
71,a0002061,153172370.061 km,8837493.77044 km,8110938.86196 km,3375.50343826 km / s,787.324724568 km / s,8295.3476131 km / s
72,a0002063,144029.007421 km,89638912.5276 km,54206391.7483 km,987.667062345 km / s,228.099689841 km / s,2526.26856767 km / s
73,a0002064,120314531.92 km,-165197596.942 km,-70889533.2252 km,6820.65229036 km / s,1531.62008697 km / s,16683.890944 km / s
74,a0002074,152747777.259 km,189671655.657 km,23988296.0511 km,-338.67937988 km / s,-57.5197736025 km / s,-798.189921115 km / s
75,a0002077,135557489.696 km,195006261.442 km,49728620.9115 km,-543.419610977 km / s,-109.686669618 km / s,-1276.47391173 km / s
76,a0002078,181939553.42 km,56386963.3185 km,106445732.712 km,2527.5047535 km / s,590.459526718 km / s,6233.34428869 km / s
77,a0002083,-156290999.769 km,216240870.206 km,24841211.9745 km,-2308.97731116 km / s,-524.118315399 km / s,-5630.99367886 km / s
78,a0002099,200405910.755 km,53546937.6107 km,61773580.7433 km,2682.12935188 km / s,627.276236817 km / s,6589.27135005 km / s
79,a0002101,51543319.7834 km,32375173.4517 km,15033447.6897 km,2393.54937679 km / s,586.434276883 km / s,5970.40342644 km / s
80,a0002102,-60459403.0062 km,12896043.5131 km,121981769.303 km,2313.16466825 km / s,481.614281464 km / s,5688.25408855 km / s
81,a0002131,216135771.566 km,-111271986.75 km,46765702.2033 km,6135.53523678 km / s,1384.36533096 km / s,15055.4109822 km / s
82,a0002135,-64918690.1816 km,102052331.987 km,-3300931.98831 km,442.474384427 km / s,84.3803485334 km / s,1168.56175572 km / s
83,a0002150,67591498.9159 km,260017674.78 km,9131611.32134 km,-2180.98765399 km / s,-477.297092557 km / s,-5305.19002635 km / s
84,a0002201,-96455673.683 km,8797050.86597 km,8063624.59483 km,2245.95140266 km / s,457.074779367 km / s,5506.57879349 km / s
85,a0002202,143617128.579 km,76162656.8626 km,15937637.9391 km,1941.61711535 km / s,465.733758956 km / s,4806.5973251 km / s
86,a0002204,17534207.923 km,228286174.311 km,13465323.4801 km,-1770.03482912 km / s,-387.703819573 km / s,-4272.91679252 km / s
87,a0002212,-32904958.456 km,-37696632.9994 km,-22204202.5898 km,3542.87194074 km / s,749.222111896 km / s,8528.64797781 km / s
88,a0002253,183508330.114 km,-147390001.566 km,-62927394.9143 km,6744.28327054 km / s,1521.22030157 km / s,16507.4944333 km / s
89,a0002272,-20717795.2309 km,253552877.765 km,-2972893.16029 km,-2460.56258074 km / s,-546.792827696 km / s,-5979.89248051 km / s
90,a0002329,85794474.9127 km,-86794574.2712 km,-6397969.65155 km,5061.26050209 km / s,1153.61799228 km / s,12341.3887018 km / s
91,a0002335,-23157162.7458 km,103340309.973 km,173830284.767 km,608.831185993 km / s,134.696824506 km / s,1564.00126415 km / s
92,a0002368,156012183.547 km,-89042295.3628 km,-26373165.398 km,5412.51133829 km / s,1229.35096967 km / s,13249.7604142 km / s
93,a0002423,222841271.46 km,-60958730.0613 km,-8807557.19323 km,5140.09909695 km / s,1169.61739042 km / s,12598.9089534 km / s
94,a0002449,45122823.4412 km,-232261715.519 km,5687388.20853 km,7858.17471954 km / s,1754.74675155 km / s,19216.873469 km / s
95,a0002491,-148788344.56 km,205723083.6 km,85018007.4573 km,-2068.65514567 km / s,-473.221837908 km / s,-5025.99574335 km / s
96,a0002495,227145259.141 km,-111567313.526 km,21049479.1806 km,6207.62815109 km / s,1405.12161191 km / s,15201.4269646 km / s
97,a0002577,-72349660.0139 km,235897050.996 km,1231798.98763 km,-2335.64281976 km / s,-524.305487424 km / s,-5673.24363425 km / s
98,a0002608,-149871794.389 km,-68254346.949 km,-2847516.42778 km,3586.33618447 km / s,764.504215255 km / s,8758.77032752 km / s
99,a0002629,-20525943.9122 km,-137452551.147 km,-145545777.174 km,5610.098816 km / s,1242.02312917 km / s,13696.8529902 km / s
100,a0002735,179898017.889 km,116031571.148 km,147076892.2 km,1289.27549151 km / s,302.954808697 km / s,3206.64062989 km / s
101,a0002744,225221457.41 km,-10359093.5875 km,15798414.3158 km,4105.19037831 km / s,940.382036716 km / s,10077.8002565 km / s
102,a0002937,202897265.39 km,-118261115.755 km,41247706.0283 km,6225.49807501 km / s,1409.217308 km / s,15256.773164 km / s
103,a0002968,145630620.036 km,-184145258.795 km,-56462670.5776 km,7324.49367619 km / s,1644.95318636 km / s,17926.5051009 km / s
104,a0003022,93571053.058 km,239784442.515 km,160386.148519 km,-1647.75806056 km / s,-355.320052058 km / s,-3993.45062888 km / s
105,a0003040,20166881.6257 km,205856499.213 km,-74496694.2757 km,-1298.10085687 km / s,-279.240764499 km / s,-3118.98560488 km / s
106,a0003043,232300620.059 km,61924969.4642 km,81574093.5432 km,2645.20853207 km / s,607.663412154 km / s,6520.0233106 km / s
107,a0003086,-199562472.806 km,-130951616.304 km,-155162738.107 km,4643.11962587 km / s,1017.04559618 km / s,11356.2354487 km / s
108,a0003101,270825404.079 km,28552085.6169 km,-58962349.3837 km,3525.13517261 km / s,808.988017663 km / s,8646.78062501 km / s
109,a0003102,144117718.431 km,-93059921.1726 km,-28564175.8905 km,5445.78885788 km / s,1238.5039607 km / s,13319.8878549 km / s
110,a0003103,113852339.196 km,63316043.8922 km,-23453453.8326 km,2067.49773873 km / s,495.759918757 km / s,5115.62841412 km / s
111,a0003122,146316835.968 km,-6105512.00415 km,26472422.6484 km,3642.60538757 km / s,839.028263804 km / s,8963.92561295 km / s
112,a0003163,165554840.264 km,-157748290.591 km,-56845752.8543 km,6875.05706918 km / s,1549.10638285 km / s,16824.1660555 km / s
113,a0003169,-155951473.484 km,166281545.447 km,137485975.953 km,-1289.65493023 km / s,-301.996333927 km / s,-3119.81646124 km / s
114,a0003198,-134699054.98 km,168451822.007 km,127423347.111 km,-1237.37367174 km / s,-288.653876781 km / s,-2984.01409288 km / s
115,a0003199,129755752.386 km,36488339.6409 km,96004782.6337 km,2683.86979398 km / s,620.117371611 km / s,6643.36943483 km / s
116,a0003200,-17120421.3877 km,-12203146.5731 km,-10800743.6346 km,3089.94743317 km / s,591.972093821 km / s,7400.0687505 km / s
117,a0003225,216036395.244 km,-149264988.915 km,17215437.2119 km,6934.16137764 km / s,1564.47316372 km / s,16975.6486021 km / s
118,a0003255,116059307.202 km,126810528.444 km,142973337.112 km,768.81324929 km / s,189.159888953 km / s,1946.99220458 km / s
119,a0003266,224534415.258 km,61497631.0252 km,-92843776.694 km,2628.45930904 km / s,609.57785517 km / s,6457.80541331 km / s
120,a0003267,110933024.525 km,217279536.184 km,7945013.29073 km,-1112.95017649 km / s,-234.387954891 km / s,-2671.96965531 km / s
121,a0003270,-97450984.1415 km,192201992.239 km,23945136.3363 km,-1559.61556761 km / s,-356.893438607 km / s,-3759.14813459 km / s
122,a0003271,138838656.051 km,-123233877.278 km,-22444544.5104 km,6049.64301571 km / s,1370.12622522 km / s,14786.8395618 km / s
123,a0003287,147886470.556 km,-193619677.47 km,-28164128.7505 km,7531.9224253 km / s,1692.83458397 km / s,18431.3351155 km / s
124,a0003288,-150149085.086 km,-69327619.3498 km,-33809264.0234 km,3609.47355798 km / s,772.545562565 km / s,8811.3921041 km / s
125,a0003309,-105672577.179 km,-187242499.561 km,-144541387.106 km,6240.36287068 km / s,1383.8769258 km / s,15253.3828379 km / s
126,a0003343,-3364746.41774 km,-178870541.185 km,-163043587.575 km,6542.28539941 km / s,1460.21333164 km / s,15983.8846025 km / s
127,a0003352,-100429707.344 km,134753591.633 km,62820158.5419 km,-387.188924566 km / s,-98.7549616396 km / s,-888.455543317 km / s
128,a0003353,31638081.287 km,-247827392.347 km,-48981006.7426 km,8107.8207624 km / s,1807.334876 km / s,19846.3267275 km / s
129,a0003360,46002532.4227 km,-79532480.6701 km,-1718141.24375 km,4720.3839559 km / s,1069.11701569 km / s,11503.1990808 km / s
130,a0003361,-84258294.2619 km,86628460.5822 km,32146906.8497 km,678.517046556 km / s,133.566701353 km / s,1726.23508126 km / s
131,a0003392,-175394098.214 km,150587091.007 km,-31208733.5047 km,-1041.7923775 km / s,-249.379771441 km / s,-2535.48188664 km / s
132,a0003397,-122929523.465 km,142746519.053 km,162281410.118 km,-652.89420633 km / s,-153.909163386 km / s,-1550.68400392 km / s
133,a0003400,-209761422.376 km,158184828.773 km,-25850062.3746 km,-1359.0819537 km / s,-319.635017335 km / s,-3312.072955 km / s
134,a0003401,61378708.2028 km,153303469.158 km,153405297.787 km,-25.4653147012 km / s,9.26342797279 km / s,-0.682438135147 km / s
135,a0003402,115647133.328 km,-172709355.145 km,-92905024.2938 km,6955.03821728 km / s,1560.44636002 km / s,17011.8812089 km / s
136,a0003416,147357546.997 km,-107106044.34 km,-132076938.374 km,5748.97127342 km / s,1293.70779805 km / s,14065.1674871 km / s
137,a0003443,107630055.422 km,-218335966.942 km,-40048067.592 km,7858.17213823 km / s,1761.37387428 km / s,19222.234662 km / s
138,a0003447,-282648849.064 km,54580180.8682 km,53966779.5038 km,438.410500586 km / s,82.9640780389 km / s,1080.41824025 km / s
139,a0003483,227869217.21 km,54074833.4057 km,-86231767.1927 km,2795.37129545 km / s,645.323523216 km / s,6865.56643485 km / s
140,a0003496,107008078.222 km,186942433.748 km,-34386063.8324 km,-508.316462338 km / s,-94.0956496894 km / s,-1185.1276501 km / s
141,a0003551,155250445.542 km,19434585.5616 km,1650784.09257 km,3168.86853603 km / s,741.581783339 km / s,7788.72727637 km / s
142,a0003552,108964577.767 km,-94352227.0115 km,-113217056.76 km,5309.61738676 km / s,1189.70086323 km / s,12976.3159328 km / s
143,a0003553,-137248058.662 km,69609854.5014 km,-73239469.2837 km,793.79777813 km / s,149.351009667 km / s,1973.31019385 km / s
144,a0003581,180202618.161 km,-154623382.264 km,56514573.7621 km,6877.53824806 km / s,1553.47122395 km / s,16832.737318 km / s
145,a0003635,-131524992.129 km,209925151.431 km,8618858.65699 km,-2067.33591472 km / s,-470.165689617 km / s,-5031.4671712 km / s
146,a0003671,36279266.2765 km,-127000135.696 km,-71234140.2279 km,5663.62211067 km / s,1269.34484901 km / s,13807.7938098 km / s
147,a0003674,163964491.707 km,78227594.57 km,119125050.944 km,1993.46835002 km / s,470.034166351 km / s,4932.08104137 km / s
148,a0003691,-139879745.664 km,-89444488.49 km,-98072998.6114 km,4076.8198981 km / s,888.233815521 km / s,9941.03711373 km / s
149,a0003737,194691437.304 km,13037550.2296 km,86722253.9305 km,3478.66262773 km / s,803.16298273 km / s,8556.73211537 km / s
150,a0003752,-54673645.7032 km,132527216.283 km,-40931769.8121 km,-146.687706009 km / s,-32.8887290657 km / s,-272.532635219 km / s
151,a0003757,-8702822.89031 km,138290952.088 km,63244808.8714 km,-46.9170318544 km / s,-5.79795625806 km / s,-28.3274534717 km / s
152,a0003800,-184412072.52 km,-122462160.518 km,1454101.4948 km,4541.19034892 km / s,991.441234708 km / s,11102.790206 km / s
153,a0003833,189134680.213 km,-51545933.8289 km,-18010120.5649 km,4794.96966717 km / s,1097.1317658 km / s,11744.7220063 km / s
154,a0003838,8097932.8166 km,-65915957.2 km,-1667160.91271 km,4272.45521842 km / s,950.872895584 km / s,10377.4281192 km / s
155,a0003854,-25292667.296 km,164064455.786 km,180652340.111 km,-644.981736269 km / s,-142.331847548 km / s,-1523.5345189 km / s
156,a0003858,194131851.719 km,-130560693.19 km,-72148997.7983 km,6443.54225624 km / s,1452.82031119 km / s,15777.8365001 km / s
157,a0003873,-211336589.002 km,118777180.677 km,-54454836.1302 km,-554.998543501 km / s,-143.931607768 km / s,-1345.01077189 km / s
158,a0003880,228625470.366 km,-130142601.449 km,18773950.1927 km,6589.15140897 km / s,1487.08257192 km / s,16149.3129235 km / s
159,a0003908,134427790.842 km,64206164.9007 km,32958350.1885 km,2142.21310693 km / s,509.975763552 km / s,5302.47556185 km / s
160,a0003920,237789634.591 km,-12774301.4227 km,-41201600.0683 km,4218.33310106 km / s,965.472979713 km / s,10344.8054357 km / s
161,a0003940,-211199573.936 km,188508128.427 km,-16074120.9095 km,-1996.41476437 km / s,-460.412950516 km / s,-4860.97946143 km / s
162,a0003988,108561232.02 km,-109810630.849 km,-15812311.7858 km,5626.85636397 km / s,1273.25410847 km / s,13756.2526439 km / s
163,a0004015,141047353.98 km,1716206.2528 km,8250287.17795 km,3464.38280997 km / s,808.673982113 km / s,8513.69646349 km / s
164,a0004031,104831084.931 km,172883251.188 km,161083622.573 km,-226.935838729 km / s,-39.4558500648 km / s,-502.123755276 km / s
165,a0004034,-11116200.0348 km,85419612.8861 km,20304626.4771 km,1019.93890464 km / s,232.534871027 km / s,2617.46225218 km / s
166,a0004055,136315964.314 km,-117317138.268 km,-17014619.7184 km,5915.15808204 km / s,1340.177329 km / s,14459.0870366 km / s
167,a0004116,-220065136.756 km,139580644.759 km,-8974352.90886 km,-1031.95324609 km / s,-248.72916764 km / s,-2497.70423239 km / s
168,a0004125,149427108.257 km,-199236444.726 km,-32891701.0365 km,7647.82876143 km / s,1715.45582733 km / s,18730.3447012 km / s
169,a0004142,-91057718.3765 km,155542573.752 km,164582481.362 km,-772.328605145 km / s,-182.180933923 km / s,-1840.57670298 km / s
170,a0004179,99339844.4495 km,88034577.3288 km,36915849.4746 km,1483.22486481 km / s,362.455317929 km / s,3711.69366012 km / s
171,a0004183,-110372426.012 km,20028988.3759 km,-2980368.88138 km,1950.2404671 km / s,396.649828278 km / s,4783.08307011 km / s
172,a0004197,-53403534.7483 km,48474521.7706 km,36619098.5328 km,1602.60903449 km / s,337.720195748 km / s,4016.42179104 km / s
173,a0004205,184696911.75 km,65003999.788 km,91937895.3236 km,2365.40436208 km / s,552.397948787 km / s,5831.2456892 km / s
174,a0004232,-49624364.8838 km,261459130.942 km,7405637.01069 km,-2755.20261898 km / s,-615.195736289 km / s,-6705.34515149 km / s
175,a0004257,-4992764.36398 km,125565923.166 km,-37670980.0564 km,228.082013771 km / s,59.3250996917 km / s,656.595003352 km / s
176,a0004276,37937344.5128 km,213878951.897 km,98612992.5873 km,-1382.02033181 km / s,-304.651890755 km / s,-3324.68847036 km / s
177,a0004341,-51931803.5998 km,65479911.6092 km,33595174.1967 km,1248.96987142 km / s,257.82243371 km / s,3162.80976169 km / s
178,a0004401,206463.602115 km,112127940.227 km,124813709.664 km,529.914496432 km / s,120.900048316 km / s,1387.52580531 km / s
179,a0004435,25527793.9926 km,163902173.728 km,159136013.001 km,-408.07992053 km / s,-80.3105074763 km / s,-938.46799615 km / s
180,a0004440,-216478269.917 km,158498343.938 km,-5761264.64894 km,-1394.04168817 km / s,-325.593798906 km / s,-3403.26324332 km / s
181,a0004450,-43521046.477 km,-69705699.0504 km,-39194138.0687 km,4128.76227911 km / s,890.947521582 km / s,10016.9511028 km / s
182,a0004451,186439656.697 km,-135887479.626 km,55437481.9187 km,6520.19671881 km / s,1475.31565142 km / s,15960.0121924 km / s
183,a0004464,219135681.575 km,-102564898.665 km,-118146772.471 km,5982.0143626 km / s,1346.99567291 km / s,14652.5827584 km / s
184,a0004483,255860851.117 km,45040181.0277 km,5372192.33614 km,3116.34612972 km / s,718.865359552 km / s,7646.32204266 km / s
185,a0004486,-40181557.1715 km,-96582513.7822 km,-40955925.6702 km,4695.42737288 km / s,1026.12939525 km / s,11409.6376345 km / s
186,a0004487,174062896.188 km,32717746.436 km,19966455.8084 km,2985.48390681 km / s,697.099425893 km / s,7337.17217599 km / s
187,a0004490,170077700.084 km,191560672.33 km,-42658987.752 km,-303.546937615 km / s,-49.4978731573 km / s,-705.287218615 km / s
188,a0004503,-106274716.362 km,146601386.51 km,72523293.1676 km,-656.946534738 km / s,-157.739893675 km / s,-1550.3206341 km / s
189,a0004531,-248230210.539 km,53481407.0563 km,94024768.401 km,617.682154387 km / s,123.744766422 km / s,1526.9799991 km / s
190,a0004544,112303802.584 km,1819805.56442 km,-13125750.5398 km,3327.14640275 km / s,772.232040331 km / s,8176.95197058 km / s
191,a0004558,187107369.073 km,-64411736.9669 km,57907026.9927 km,5044.48749617 km / s,1151.38626155 km / s,12366.8391387 km / s
192,a0004581,21065037.231 km,90189868.1229 km,30133453.3916 km,1072.72542959 km / s,258.015596583 km / s,2734.92398998 km / s
193,a0004587,-24006340.1129 km,-194411226.035 km,3609783.67666 km,6766.06973813 km / s,1500.4803603 km / s,16522.4757205 km / s
194,a0004596,101665134.946 km,110525266.191 km,-50441784.1432 km,1040.20401582 km / s,261.71262069 km / s,2612.06862354 km / s
195,a0004660,-57739345.8592 km,120474452.342 km,53646983.3375 km,100.009824775 km / s,16.4616883397 km / s,319.612250656 km / s
196,a0004674,-92155757.4266 km,241716990.186 km,23902601.7656 km,-2540.44623333 km / s,-570.713993669 km / s,-6188.38412084 km / s
197,a0004688,-16459517.4234 km,151964742.548 km,55032519.5985 km,-359.313370783 km / s,-75.0662862957 km / s,-801.535397284 km / s
198,a0004690,181211861.527 km,122422709.696 km,131975982.433 km,1167.90010706 km / s,280.431662649 km / s,2901.82482271 km / s
199,a0004713,-69249374.2137 km,-252195256.476 km,-58162477.5877 km,7742.8939694 km / s,1721.3301577 km / s,18938.4439022 km / s
200,a0004736,121249869.618 km,146609017.092 km,162094646.42 km,391.765373647 km / s,104.435669482 km / s,1008.39795229 km / s
201,a0004764,176763829.04 km,-193165921.164 km,-76874448.626 km,7659.27359605 km / s,1723.00609705 km / s,18746.8384704 km / s
202,a0004765,-255271401.683 km,-66627202.2594 km,84718044.3229 km,3057.8750717 km / s,662.196765319 km / s,7492.40213189 km / s
203,a0004769,419308.209657 km,70315898.8408 km,42207551.4844 km,1384.55964663 km / s,323.479853839 km / s,3512.48055988 km / s
204,a0004775,184475112.499 km,-51152077.6102 km,-17722150.4915 km,4758.15645558 km / s,1085.52976926 km / s,11664.7901306 km / s
205,a0004868,49987250.1917 km,-267937616.133 km,-4891310.64485 km,8610.69873335 km / s,1922.72685999 km / s,21071.3206116 km / s
206,a0004898,-235162748.492 km,98192499.0194 km,94367392.6194 km,-243.308585525 km / s,-67.8950704336 km / s,-577.440756664 km / s
207,a0004910,219295596.914 km,-99750730.9445 km,-33642565.5764 km,5926.01365823 km / s,1343.44648789 km / s,14513.5198989 km / s
208,a0004947,110817816.294 km,119313490.628 km,40526608.0284 km,905.344736084 km / s,226.716426387 km / s,2270.50345603 km / s
209,a0004953,-72189903.1971 km,17098403.7085 km,43787709.1585 km,2173.48627847 km / s,444.185810305 km / s,5368.78334705 km / s
210,a0004954,100411799.518 km,96078678.8003 km,84383268.1886 km,1321.81467518 km / s,316.375433818 km / s,3317.10594799 km / s
211,a0004957,145722267.45 km,-56470994.1306 km,88727857.5353 km,4689.68371361 km / s,1073.32521102 km / s,11498.3938886 km / s
212,a0004995,139754841.649 km,125482180.995 km,146671902.613 km,908.30062598 km / s,221.849522308 km / s,2280.61931449 km / s
213,a0005011,-57854744.601 km,93704854.4277 km,57114417.9617 km,648.824822597 km / s,136.090987295 km / s,1671.83145598 km / s
214,a0005038,57869005.4429 km,-206900947.96 km,-122881334.294 km,7396.93098199 km / s,1654.1387887 km / s,18086.1832788 km / s
215,a0005066,-22774573.9385 km,-218377501.569 km,-109546015.62 km,7265.38493929 km / s,1624.18462121 km / s,17765.367262 km / s
216,a0005131,-30616865.8861 km,-91882096.9 km,3067132.60548 km,4651.83048696 km / s,1018.64810118 km / s,11297.0313849 km / s
217,a0005143,-65757399.6742 km,6190741.72452 km,-5420055.80366 km,2451.73479383 km / s,493.833129278 km / s,5992.43416177 km / s
218,a0005175,-276758277.004 km,-17768853.4159 km,-72385040.7204 km,1951.95543343 km / s,412.722058229 km / s,4784.29325956 km / s
219,a0005189,46894978.2334 km,-101926244.299 km,-41639388.2269 km,5193.65458205 km / s,1167.72784972 km / s,12656.0645351 km / s
220,a0005230,-43887225.8133 km,221452012.952 km,9499797.36285 km,-1908.65456851 km / s,-426.025567889 km / s,-4618.76273257 km / s
221,a0005246,181601572.677 km,-142412769.349 km,-45878633.9692 km,6632.86346593 km / s,1497.21731213 km / s,16234.5905246 km / s
222,a0005253,-154954693.248 km,85096724.261 km,149178613.156 km,387.561611116 km / s,67.9315412194 km / s,987.479175091 km / s
223,a0005261,184966721.468 km,-89955262.6903 km,40885867.0507 km,5563.03041837 km / s,1262.45016442 km / s,13630.2087871 km / s
224,a0005275,231190918.936 km,-69814129.3373 km,-3791509.2645 km,5361.8694948 km / s,1218.6788404 km / s,13140.6034488 km / s
225,a0005324,117692282.806 km,-97634931.3914 km,-83326561.5903 km,5416.27868922 km / s,1220.37675427 km / s,13241.8185277 km / s
226,a0005332,-7517334.8955 km,175552820.438 km,9252214.86656 km,-808.703472005 km / s,-175.782319903 km / s,-1899.2106566 km / s
227,a0005349,27348505.3635 km,135932618.541 km,173218019.64 km,170.261620253 km / s,45.5720693469 km / s,490.361257225 km / s
228,a0005370,165382360.424 km,-64585570.2471 km,-7470726.9206 km,4957.94250128 km / s,1136.21569948 km / s,12131.443733 km / s
229,a0005378,-26291901.1763 km,255496130.416 km,68479936.5636 km,-2520.36711163 km / s,-558.971843541 km / s,-6138.03982235 km / s
230,a0005384,-174560786.243 km,95757485.2516 km,170348109.399 km,79.1550566256 km / s,3.79370495677 km / s,228.824135333 km / s
231,a0005390,163025105.436 km,208557531.581 km,18164960.4896 km,-689.667491496 km / s,-140.555995643 km / s,-1647.2076554 km / s
232,a0005392,-195158566.119 km,54472811.0569 km,117513562.126 km,837.728099525 km / s,166.807299353 km / s,2079.01332788 km / s
233,a0005407,-137967429.628 km,-144741279.52 km,-22632410.4505 km,5218.54963607 km / s,1142.15834224 km / s,12745.4098844 km / s
234,a0005426,-218625107.106 km,59350838.4951 km,130674049.939 km,627.625450134 km / s,119.53950423 km / s,1560.40207466 km / s
235,a0005427,90736054.7118 km,-249858441.68 km,-11410627.6697 km,8423.51895888 km / s,1884.42370403 km / s,20619.0653352 km / s
236,a0005475,122624061.657 km,218417697.557 km,5809676.02173 km,-1080.11614478 km / s,-227.728503317 km / s,-2598.02427045 km / s
237,a0005477,229511552.982 km,-37487992.9676 km,-120598820.741 km,4690.71385628 km / s,1063.32353748 km / s,11493.2161701 km / s
238,a0005496,-35251534.9018 km,-106929144.941 km,71680387.5203 km,4925.69590905 km / s,1072.67678316 km / s,12021.0975159 km / s
239,a0005510,233041455.651 km,-55864228.5748 km,-46326126.024 km,5084.58253649 km / s,1156.69759418 km / s,12459.9060462 km / s
240,a0005558,169060403.189 km,187841579.897 km,-29202865.0468 km,-232.116336703 km / s,-33.1634210646 km / s,-528.94534234 km / s
241,a0005577,196810295.392 km,-111686698.93 km,-129614591.24 km,6072.19535747 km / s,1372.50511226 km / s,14866.6284976 km / s
242,a0005579,200334809.549 km,-84385783.4229 km,-142962592.731 km,5525.5168108 km / s,1250.97580919 km / s,13529.2591197 km / s
243,a0005585,197862501.188 km,-116440350.996 km,72863055.6051 km,6163.16947535 km / s,1396.80141295 km / s,15107.6262689 km / s
244,a0005587,13175339.5381 km,-161812349.568 km,-15297859.6394 km,6269.04494685 km / s,1395.48245934 km / s,15296.3093183 km / s
245,a0005620,36218198.8126 km,-171282045.96 km,-62355905.4885 km,6568.99063255 km / s,1467.597388 km / s,16040.1490842 km / s
246,a0005621,46811281.9459 km,-188942549.819 km,-80342392.3609 km,6975.22855991 km / s,1557.56812996 km / s,17046.1799574 km / s
247,a0005626,124109840.75 km,118858860.846 km,41208127.1136 km,969.975446969 km / s,242.530710056 km / s,2439.24817391 km / s
248,a0005627,-102821767.978 km,-242752067.046 km,-83395723.4854 km,7393.52253035 km / s,1643.34073076 km / s,18085.8180982 km / s
249,a0005639,-134912114.397 km,-234936108.396 km,29749572.3735 km,7079.64939681 km / s,1565.43647739 km / s,17321.3069447 km / s
250,a0005641,-206453854.279 km,-120847544.514 km,29440475.9061 km,4400.41274354 km / s,957.594681382 km / s,10766.4728402 km / s
251,a0005642,212598091.931 km,-73259941.9306 km,34951825.3633 km,5337.77425882 km / s,1210.75317134 km / s,13098.9149139 km / s
252,a0005645,-10008319.1952 km,103404419.827 km,68345905.341 km,660.220574513 km / s,149.629415974 km / s,1715.38884735 km / s
253,a0005646,173827700.082 km,-25285672.1962 km,-22353937.1648 km,4175.76627091 km / s,957.998383712 km / s,10242.0852735 km / s
254,a0005649,89661863.1077 km,146339541.141 km,144424625.179 km,243.925641522 km / s,66.7363756597 km / s,665.330473363 km / s
255,a0005653,-129183828.527 km,118280095.631 km,71790927.443 km,-175.206187829 km / s,-53.2111617625 km / s,-383.144164741 km / s
256,a0005660,9823948.96936 km,36638159.7159 km,49902169.0625 km,2122.5234913 km / s,517.051863231 km / s,5318.29373091 km / s
257,a0005682,233545523.82 km,-42007862.0018 km,5673038.32877 km,4800.33905777 km / s,1095.61163501 km / s,11768.1775432 km / s
258,a0005693,74501028.1645 km,-2748682.97432 km,-8817403.97063 km,3247.97880408 km / s,771.385951672 km / s,7976.65893201 km / s
259,a0005720,-141249226.461 km,118692873.71 km,153913537.685 km,-241.943713367 km / s,-67.257010445 km / s,-547.021837473 km / s
260,a0005731,-90233920.4192 km,77148180.197 km,18096444.3103 km,853.308474347 km / s,168.782264948 km / s,2143.93614752 km / s
261,a0005732,-127969646.923 km,154113626.115 km,-12278351.7829 km,-902.798053846 km / s,-216.402487159 km / s,-2172.88018377 km / s
262,a0005738,-116075500.639 km,182145767.307 km,-287226.510038 km,-1425.78303552 km / s,-329.101675987 km / s,-3450.46023512 km / s
263,a0005751,-152761528.963 km,84219289.2982 km,59775007.8217 km,415.490834296 km / s,67.8961566389 km / s,1059.3483185 km / s
264,a0005786,-31274878.457 km,4374587.93403 km,3459134.28735 km,2621.7116379 km / s,496.042939918 km / s,6467.67607202 km / s
265,a0005797,-50403917.759 km,137000906.43 km,61892599.7561 km,-205.878240421 km / s,-48.1936761439 km / s,-430.546260513 km / s
266,a0005806,203579593.792 km,111046269.054 km,156828610.404 km,1506.11392692 km / s,354.597183809 km / s,3726.42298442 km / s
267,a0005817,98932782.8084 km,147010602.118 km,156499184.622 km,275.343241736 km / s,76.3860592544 km / s,736.902885705 km / s
268,a0005828,10759255.855 km,-74920333.5904 km,-13354801.4905 km,4497.40458828 km / s,1006.13818948 km / s,10895.1064183 km / s
269,a0005836,117560979.494 km,-115168778.702 km,-25307570.2686 km,5778.51675501 km / s,1307.65845877 km / s,14126.9764624 km / s
270,a0005841,219471444.395 km,78215148.9728 km,102469656.002 km,2250.75613379 km / s,520.139873937 km / s,5556.11956842 km / s
271,a0005863,37936979.9207 km,-158276132.042 km,-15019591.7559 km,6312.11098588 km / s,1411.00702971 km / s,15401.4425977 km / s
272,a0005867,106799034.332 km,-163034010.149 km,51955641.2083 km,6717.53687282 km / s,1511.41501111 km / s,16423.1058775 km / s
273,a0005869,-25586669.6553 km,180210852.818 km,30332300.1031 km,-975.373066105 km / s,-214.634411514 km / s,-2329.05804515 km / s
274,a0005870,83615859.4464 km,224374444.538 km,-30627931.4217 km,-1382.90020318 km / s,-293.851823658 km / s,-3330.50778988 km / s
275,a0005871,230488272.271 km,39688153.2758 km,101981966.32 km,3096.0477584 km / s,710.329805247 km / s,7620.75957951 km / s
276,a0005879,-139163645.875 km,100268276.547 km,38189125.1218 km,144.389719188 km / s,9.6681573391 km / s,402.603633255 km / s
277,a0005892,20576255.7361 km,233971266.635 km,81261611.496 km,-1870.9576848 km / s,-411.112007797 km / s,-4526.40798764 km / s
278,a0005899,201529445.892 km,142001372.08 km,-50754509.2262 km,862.133898258 km / s,213.704633206 km / s,2144.96731438 km / s
279,a0005905,248125956.5 km,-29419127.0745 km,-77476296.959 km,4614.18703875 km / s,1052.2913194 km / s,11308.0003023 km / s
280,a0005929,156742680.664 km,183778164.377 km,-23784429.3381 km,-208.965184838 km / s,-26.730681926 km / s,-464.839633007 km / s
281,a0005967,-140403370.309 km,-237836181.949 km,11182212.5336 km,7115.82168502 km / s,1573.99327037 km / s,17408.7759383 km / s
282,a0005968,-269728654.607 km,80484857.2953 km,-16282370.2148 km,-43.1863760948 km / s,-30.6247468591 km / s,-85.8969047107 km / s
283,a0005999,-174538938.916 km,91958369.3089 km,136260973.251 km,157.075451434 km / s,16.1935152113 km / s,421.042971998 km / s
284,a0006029,-218366189.786 km,97839889.5652 km,123979162.88 km,-165.363946706 km / s,-56.5872240812 km / s,-378.425151795 km / s
285,a0006037,37410514.5858 km,80520350.578 km,29229807.2964 km,1344.33998492 km / s,327.064162388 km / s,3403.74583571 km / s
286,a0006041,124970481.728 km,-206230118.867 km,-44604712.1421 km,7687.59382981 km / s,1725.06141311 km / s,18807.5804132 km / s
287,a0006042,226022923.246 km,83289191.8798 km,-34698653.186 km,2180.89822155 km / s,511.497361422 km / s,5373.28948759 km / s
288,a0006047,-50021599.1856 km,89686731.9716 km,98282700.1539 km,768.221535251 km / s,168.977549717 km / s,1958.78899352 km / s
289,a0006050,175670379.395 km,46212988.8915 km,-1863838.30738 km,2708.2911123 km / s,633.780791074 km / s,6670.01092958 km / s
290,a0006053,116187726.164 km,47012292.4359 km,78788377.5184 km,2405.55765837 km / s,567.062971264 km / s,5962.16837603 km / s
291,a0006063,-68196585.2649 km,40277177.533 km,14511695.3824 km,1708.51165451 km / s,343.705590792 km / s,4252.85403791 km / s
292,a0006087,-235217778.003 km,-128016289.749 km,34622969.0782 km,4412.90258494 km / s,961.984905601 km / s,10802.2515191 km / s
293,a0006107,-224784818.185 km,-102847393.079 km,78039300.5887 km,3944.89601806 km / s,857.51598236 km / s,9657.43743226 km / s
294,a0006130,168546635.783 km,-93491800.9959 km,-55855233.1842 km,5571.10893142 km / s,1268.59642915 km / s,13627.0653591 km / s
295,a0006141,69574654.9564 km,185151377.299 km,120854128.902 km,-637.48556599 km / s,-127.993678987 km / s,-1512.48616882 km / s
296,a0006163,249946167.459 km,-10639364.6305 km,49488134.1881 km,4232.72461316 km / s,967.939513041 km / s,10378.5101367 km / s
297,a0006170,-102974240.297 km,146880907.473 km,161100749.793 km,-646.568598554 km / s,-149.356469214 km / s,-1531.79238343 km / s
298,a0006172,130904187.522 km,161758968.795 km,54616709.5315 km,126.256730542 km / s,51.0403546095 km / s,359.881763227 km / s
299,a0006178,-176380535.169 km,-37342428.9795 km,-4949245.68953 km,2828.89864776 km / s,598.825518601 km / s,6912.12615158 km / s
300,a0006183,194606775.224 km,84361102.1235 km,117372324.34 km,2013.55652604 km / s,473.807383001 km / s,4969.58832477 km / s
301,a0006239,-76496636.1086 km,-61895076.2556 km,-33659474.6364 km,3811.08933431 km / s,815.841323175 km / s,9264.60703357 km / s
302,a0006249,226596590.893 km,37668497.2605 km,76586360.7254 km,3131.44181752 km / s,723.693786278 km / s,7683.84100586 km / s
303,a0006250,-253667010.991 km,85058876.3507 km,-49867622.8416 km,-59.0767104924 km / s,-34.5294492841 km / s,-130.368182369 km / s
304,a0006261,-35892317.661 km,226783195.037 km,12985016.3334 km,-1984.91966906 km / s,-442.256033748 km / s,-4801.29722895 km / s
305,a0006263,223984533.983 km,-92420286.201 km,-39679744.0446 km,5795.94517949 km / s,1313.64026457 km / s,14197.6203435 km / s
306,a0006271,-4075792.03296 km,-241151972.745 km,-140577072.825 km,7806.06080958 km / s,1734.19036764 km / s,19110.0623726 km / s
307,a0006296,-212710185.036 km,105984620.275 km,124625230.085 km,-307.70543009 km / s,-88.2678054571 km / s,-725.966603398 km / s
308,a0006310,-55013665.1221 km,230201220.888 km,145631897.015 km,-2141.60852244 km / s,-482.932933062 km / s,-5199.37127361 km / s
309,a0006318,24522441.0424 km,175117109.676 km,96321136.402 km,-652.699219827 km / s,-143.580885023 km / s,-1521.93647431 km / s
310,a0006322,-77754207.1666 km,185035345.497 km,-11415658.9841 km,-1321.16325171 km / s,-301.252325445 km / s,-3168.44340254 km / s
311,a0006382,-263305641.404 km,-55499.9539578 km,-18858074.3833 km,1656.20933172 km / s,351.220568533 km / s,4050.81227433 km / s
312,a0006384,224134557.316 km,-21450545.5426 km,-138294405.639 km,4337.23088577 km / s,987.020094011 km / s,10627.6369981 km / s
313,a0006386,203686031.636 km,113963321.11 km,10174267.8911 km,1445.52754688 km / s,346.481754497 km / s,3579.92747219 km / s
314,a0006394,256728620.016 km,-14542844.39 km,-33033529.5762 km,4346.80775237 km / s,993.17363089 km / s,10654.9023438 km / s
315,a0006411,70712863.4616 km,226960037.14 km,-26775865.4158 km,-1495.79676737 km / s,-320.320169002 km / s,-3605.86447421 km / s
316,a0006435,-254475953.564 km,94538097.1932 km,38421014.9517 km,-263.546241432 km / s,-79.6630267501 km / s,-622.159221977 km / s
317,a0006444,224832224.262 km,34717762.5486 km,-11718659.8743 km,3176.76702693 km / s,734.203473099 km / s,7806.10105002 km / s
318,a0006446,144240650.43 km,193229523.714 km,-18258441.4227 km,-459.047133565 km / s,-82.9352042675 km / s,-1077.43117812 km / s
319,a0006447,229604281.135 km,99189256.951 km,82740400.6294 km,1876.38704768 km / s,441.199980974 km / s,4620.24329224 km / s
320,a0006455,30809774.4128 km,-65660086.9239 km,-122801136.294 km,4375.4197829 km / s,982.228468828 km / s,10650.2762392 km / s
321,a0006456,94682613.9441 km,-150397920.467 km,-72344776.8684 km,6399.68775234 km / s,1435.68133762 km / s,15644.6973432 km / s
322,a0006461,116642119.485 km,232561585.852 km,-12456070.4942 km,-1394.47763343 km / s,-297.185746908 km / s,-3372.04294601 km / s
323,a0006485,210786029.52 km,82154890.0368 km,80523326.9018 km,2138.90608951 km / s,501.751596943 km / s,5265.10453095 km / s
324,a0006487,37097990.5845 km,-241579286.019 km,-8388659.26309 km,8012.28543689 km / s,1788.03197256 km / s,19594.1043174 km / s
325,a0006489,15311457.9439 km,-136414833.715 km,-53635598.715 km,5758.92773987 km / s,1281.72269809 km / s,14039.2103623 km / s
326,a0006490,159643351.851 km,-167270403.195 km,-35846159.0419 km,7037.85135615 km / s,1582.69265613 km / s,17232.1605332 km / s
327,a0006491,-16099182.8073 km,-135827819.429 km,-69516308.5476 km,5602.27942016 km / s,1238.32147604 km / s,13656.6950023 km / s
328,a0006493,228995418.922 km,119265559.118 km,-54782576.4502 km,1460.12458533 km / s,347.850827694 km / s,3602.97497576 km / s
329,a0006500,35317479.9749 km,236084210.344 km,-21736561.0138 km,-1843.46342779 km / s,-402.256205201 km / s,-4460.73524523 km / s
330,a0006517,35991454.8098 km,-265385372.711 km,-57467450.1651 km,8498.16248889 km / s,1897.89894682 km / s,20791.6177167 km / s
331,a0006523,36052428.9398 km,-147521658.457 km,-173496414.327 km,6075.58181187 km / s,1352.43568057 km / s,14842.3284808 km / s
332,a0006564,-195828038.884 km,51560229.5866 km,-56596022.8748 km,885.40980801 km / s,172.867030308 km / s,2206.66886517 km / s
333,a0006569,27254167.1516 km,-177226236.118 km,-59741596.1598 km,6652.25905816 km / s,1487.12047642 km / s,16246.380589 km / s
334,a0006585,108193403.193 km,137875660.351 km,141497286.565 km,503.243038952 km / s,126.256469846 km / s,1299.94478604 km / s
335,a0006602,39201841.6107 km,176807427.931 km,184503246.912 km,-608.499968588 km / s,-127.195444673 km / s,-1438.56526285 km / s
336,a0006611,-118274300.768 km,63101573.6516 km,6091466.00691 km,1014.94575374 km / s,197.692535214 km / s,2523.88355353 km / s
337,a0006618,10621158.5097 km,186776251.215 km,191642249.901 km,-943.3796764 km / s,-203.290864557 km / s,-2263.29555237 km / s
338,a0006635,-24897687.1518 km,250723585.524 km,-3536071.85464 km,-2420.22531051 km / s,-538.196460545 km / s,-5882.64543714 km / s
339,a0006646,8717317.76162 km,197019888.641 km,167616742.461 km,-1163.82643829 km / s,-253.521132201 km / s,-2800.15875661 km / s
340,a0006847,-39353188.8364 km,178576068.927 km,167292528.273 km,-1010.68938535 km / s,-229.714607954 km / s,-2415.90232536 km / s
341,a0006859,67552196.5115 km,-259846157.726 km,-23995645.8608 km,8528.14300565 km / s,1906.20258045 km / s,20866.7685203 km / s
342,a0006870,185673673.449 km,167235080.716 km,-38606974.0117 km,270.207726598 km / s,80.6748189926 km / s,697.979608171 km / s
343,a0006874,122681866.302 km,-178066195.462 km,-101742455.668 km,7099.33624986 km / s,1594.4478074 km / s,17364.5709414 km / s
344,a0006901,146520061.975 km,143299792.889 km,153133997.974 km,579.90517509 km / s,148.68918553 km / s,1460.41790614 km / s
345,a0006909,159886759.098 km,3030625.73166 km,142351080.732 km,3516.7068159 km / s,809.758790046 km / s,8668.57811987 km / s
346,a0006911,247021007.911 km,61646210.4252 km,49066309.3025 km,2731.88505095 km / s,633.083046578 km / s,6708.3713568 km / s
347,a0007002,212754563.377 km,-88583359.8877 km,-26634523.8967 km,5665.30187616 km / s,1286.18114594 km / s,13876.2038365 km / s
348,a0007025,-56239411.7227 km,136719973.914 km,37789845.656 km,-230.576960929 km / s,-58.0973904431 km / s,-487.74874945 km / s
349,a0007079,191235227.184 km,-135138936.757 km,-43758259.2006 km,6526.29652792 km / s,1473.97674397 km / s,15976.8492966 km / s
350,a0007086,242100382.524 km,73819725.0081 km,44529609.1009 km,2459.37292984 km / s,572.206561446 km / s,6040.82089971 km / s
351,a0007087,-172781780.031 km,201497216.622 km,-8550712.89922 km,-2084.25028643 km / s,-477.676365763 km / s,-5076.0808909 km / s
352,a0007088,-26502647.3949 km,165318142.097 km,69084967.2064 km,-682.206243627 km / s,-151.993522853 km / s,-1595.23754375 km / s
353,a0007092,-99650571.4305 km,33826677.3474 km,52622047.5441 km,1702.73533648 km / s,348.737554848 km / s,4214.68951081 km / s
354,a0007096,143361899.928 km,143110075.363 km,19829752.4836 km,562.488531262 km / s,150.358525604 km / s,1435.0412842 km / s
355,a0007173,253084305.423 km,-120838810.946 km,52602505.5593 km,6512.59188551 km / s,1471.18814217 km / s,15960.6141161 km / s
356,a0007187,181230005.348 km,109458327.615 km,154352971.193 km,1432.88385081 km / s,338.025529727 km / s,3553.94472051 km / s
357,a0007236,48196448.289 km,-148859231.132 km,-85649820.9933 km,6156.12227965 km / s,1371.89440528 km / s,15037.6561991 km / s
358,a0007247,226621495.145 km,102320050.072 km,18020393.1629 km,1799.51220575 km / s,425.117844462 km / s,4431.33392842 km / s
359,a0007267,-151453333.884 km,126473045.051 km,129928812.633 km,-444.792822301 km / s,-107.791364819 km / s,-1049.43661226 km / s
360,a0007304,-163935822.505 km,-156718501.753 km,-31002812.8153 km,5343.99017438 km / s,1169.91422287 km / s,13056.1040329 km / s
361,a0007330,25666911.177 km,243753993.597 km,11364511.4326 km,-2045.12468597 km / s,-448.719435602 km / s,-4958.0723977 km / s
362,a0007335,46960779.5954 km,-102120175.417 km,-75483135.0597 km,5199.0515985 km / s,1169.64062247 km / s,12671.8076682 km / s
363,a0007336,174529013.277 km,-11948935.4704 km,-6021805.36358 km,3907.13602057 km / s,903.046840405 km / s,9584.21585557 km / s
364,a0007341,-45827955.5446 km,118023105.677 km,52756762.8131 km,204.178245999 km / s,43.1530517042 km / s,581.361202262 km / s
365,a0007345,239618936.044 km,-35739703.4118 km,-32755833.7298 km,4698.45794937 km / s,1071.39683641 km / s,11519.7207139 km / s
366,a0007350,-45338023.7889 km,109039800.109 km,40459829.2542 km,386.483446755 km / s,79.761660099 km / s,1035.56843465 km / s
367,a0007358,159325163.827 km,-11950145.4066 km,9127844.21669 km,3832.95766684 km / s,886.921286151 km / s,9409.07982837 km / s
368,a0007369,186539096.624 km,80028673.0732 km,124372649.9 km,2064.7540451 km / s,485.711277172 km / s,5096.58670866 km / s
369,a0007445,223191901.818 km,-94442641.8744 km,-35975949.5824 km,5833.35774079 km / s,1321.70791163 km / s,14289.9073646 km / s
370,a0007467,-74214383.9314 km,168243922.083 km,115839333.074 km,-956.923946753 km / s,-220.383289993 km / s,-2287.38197531 km / s
371,a0007474,160270568.759 km,18774720.7688 km,-14215812.4594 km,3204.23459852 km / s,744.535052378 km / s,7875.28757202 km / s
372,a0007480,143975620.812 km,61699779.7677 km,-1282083.26182 km,2241.56810921 km / s,531.001632452 km / s,5535.16685376 km / s
373,a0007482,-119972406.046 km,16628061.9995 km,67158763.6804 km,1962.57573022 km / s,402.857116293 km / s,4829.16952568 km / s
374,a0007488,-262460909.389 km,-80662757.5389 km,65875185.777 km,3310.73351723 km / s,715.809750497 km / s,8110.22982498 km / s
375,a0007505,231171905.156 km,65705357.9351 km,299780.902614 km,2566.65948009 km / s,597.668504573 km / s,6317.95286488 km / s
376,a0007560,228830576.045 km,54946115.8122 km,106468446.474 km,2777.12802336 km / s,641.298073664 km / s,6835.35399531 km / s
377,a0007579,-249921822.047 km,123058913.541 km,28005417.0906 km,-819.636912942 km / s,-197.711470932 km / s,-1997.75982323 km / s
378,a0007604,108075686.182 km,163781742.534 km,-4390869.5284 km,-27.8849925846 km / s,16.3618082106 km / s,-2.06146352086 km / s
379,a0007660,55393067.5146 km,238514424.136 km,-1420793.10925 km,-1800.72729183 km / s,-391.97370398 km / s,-4361.33616967 km / s
380,a0007723,222813528.163 km,78634229.848 km,6410602.34987 km,2262.18707997 km / s,529.442978978 km / s,5573.75980312 km / s
381,a0007747,179564148.669 km,-158193886.848 km,-57569695.6174 km,6946.17796394 km / s,1564.12379009 km / s,17004.9469963 km / s
382,a0007753,108976514.273 km,-9756307.13378 km,-11082161.0967 km,3554.86226514 km / s,829.83400365 km / s,8723.29544806 km / s
383,a0007778,174068421.293 km,-158757219.077 km,17316547.0059 km,6932.99133366 km / s,1564.25904995 km / s,16970.6929912 km / s
384,a0007781,202729133.411 km,-146178549.438 km,-100918692.643 km,6802.92069405 km / s,1527.98015532 km / s,16663.3255222 km / s
385,a0007783,-94427270.4396 km,217811945.26 km,124985190.644 km,-2068.47684561 km / s,-469.678130955 km / s,-5020.2601358 km / s
386,a0007816,200090107.449 km,122958415.182 km,55070109.3462 km,1243.55846578 km / s,300.512672141 km / s,3087.6059951 km / s
387,a0007818,122305518.943 km,189898684.76 km,-6400257.6741 km,-493.851579338 km / s,-90.9261886477 km / s,-1156.47350809 km / s
388,a0007822,83011480.4399 km,101834196.956 km,-42350395.9703 km,1132.9507526 km / s,279.408455387 km / s,2839.23333205 km / s
389,a0007829,-23752074.7307 km,251042991.674 km,97133530.3344 km,-2417.57695664 km / s,-535.143913597 km / s,-5885.89569846 km / s
390,a0007839,119568268.036 km,-51543401.2039 km,-80500425.5712 km,4480.28472801 km / s,1029.26048579 km / s,10954.9660092 km / s
391,a0007870,192432844.573 km,129586274.381 km,62665617.8649 km,1071.7780785 km / s,261.710979789 km / s,2667.88775828 km / s
392,a0007888,-82273036.0677 km,93808970.3912 km,5334085.61304 km,528.657821536 km / s,96.7999624908 km / s,1381.14619503 km / s
393,a0007889,-29975440.0545 km,115409876.7 km,34766012.0 km,317.022103503 km / s,63.7587019205 km / s,870.567268901 km / s
394,a0007958,249026512.323 km,-52138138.2924 km,23176028.9476 km,5084.95876968 km / s,1156.90456642 km / s,12458.4223856 km / s
395,a0007959,226711119.236 km,-126100126.014 km,38992079.0456 km,6500.65475392 km / s,1469.18027343 km / s,15925.8395685 km / s
396,a0007977,149498603.502 km,79087507.809 km,-42174258.5589 km,1911.9975799 km / s,458.437587604 km / s,4725.98833774 km / s
397,a0008013,-60644360.8212 km,-168333086.45 km,-58657434.5085 km,6065.22769047 km / s,1339.67235219 km / s,14801.4540528 km / s
398,a0008014,111724603.34 km,-77523972.6646 km,-29298745.4331 km,4975.88627522 km / s,1133.74448755 km / s,12164.1608412 km / s
399,a0008024,-275647404.299 km,28660059.2605 km,46185998.0251 km,1004.75836515 km / s,208.024826791 km / s,2465.74805339 km / s
